<?xml version="1.0" encoding="UTF-8"?>
<!DOCTYPE mapper PUBLIC "-//mybatis.org//DTD Mapper 3.0//EN" "http://mybatis.org/dtd/mybatis-3-mapper.dtd">

<mapper namespace="xyz.zionjo.littlemall.order.dao.OrderReturnApplyDao">

	<!-- 可根据自己的需求，是否要使用 -->
    <resultMap type="xyz.zionjo.littlemall.order.entity.OrderReturnApplyEntity" id="orderReturnApplyMap">
        <result property="id" column="id"/>
        <result property="orderId" column="order_id"/>
        <result property="skuId" column="sku_id"/>
        <result property="orderSn" column="order_sn"/>
        <result property="createTime" column="create_time"/>
        <result property="memberUsername" column="member_username"/>
        <result property="returnAmount" column="return_amount"/>
        <result property="returnName" column="return_name"/>
        <result property="returnPhone" column="return_phone"/>
        <result property="status" column="status"/>
        <result property="handleTime" column="handle_time"/>
        <result property="skuImg" column="sku_img"/>
        <result property="skuName" column="sku_name"/>
        <result property="skuBrand" column="sku_brand"/>
        <result property="skuAttrsVals" column="sku_attrs_vals"/>
        <result property="skuCount" column="sku_count"/>
        <result property="skuPrice" column="sku_price"/>
        <result property="skuRealPrice" column="sku_real_price"/>
        <result property="reason" column="reason"/>
        <result property="description述" column="description述"/>
        <result property="descPics" column="desc_pics"/>
        <result property="handleNote" column="handle_note"/>
        <result property="handleMan" column="handle_man"/>
        <result property="receiveMan" column="receive_man"/>
        <result property="receiveTime" column="receive_time"/>
        <result property="receiveNote" column="receive_note"/>
        <result property="receivePhone" column="receive_phone"/>
        <result property="companyAddress" column="company_address"/>
    </resultMap>


</mapper>