<?xml version="1.0" encoding="UTF-8"?>
<!DOCTYPE mapper PUBLIC "-//mybatis.org//DTD Mapper 3.0//EN" "http://mybatis.org/dtd/mybatis-3-mapper.dtd">

<mapper namespace="xyz.zionjo.littlemall.product.dao.CategoryDao">

	<!-- 可根据自己的需求，是否要使用 -->
    <resultMap type="xyz.zionjo.littlemall.product.entity.CategoryEntity" id="categoryMap">
        <result property="catId" column="cat_id"/>
        <result property="name" column="name"/>
        <result property="parentCid" column="parent_cid"/>
        <result property="catLevel" column="cat_level"/>
        <result property="showStatus" column="show_status"/>
        <result property="sort" column="sort"/>
        <result property="icon" column="icon"/>
        <result property="productUnit" column="product_unit"/>
        <result property="productCount" column="product_count"/>
    </resultMap>


</mapper>