<?xml version="1.0" encoding="UTF-8"?>
<!DOCTYPE mapper PUBLIC "-//mybatis.org//DTD Mapper 3.0//EN" "http://mybatis.org/dtd/mybatis-3-mapper.dtd">

<mapper namespace="xyz.zionjo.littlemall.product.dao.SkuSaleAttrValueDao">

	<!-- 可根据自己的需求，是否要使用 -->
    <resultMap type="xyz.zionjo.littlemall.product.entity.SkuSaleAttrValueEntity" id="skuSaleAttrValueMap">
        <result property="id" column="id"/>
        <result property="skuId" column="sku_id"/>
        <result property="attrId" column="attr_id"/>
        <result property="attrName" column="attr_name"/>
        <result property="attrValue" column="attr_value"/>
        <result property="attrSort" column="attr_sort"/>
    </resultMap>
    <resultMap id="skuItemSaleAttrVo" type="xyz.zionjo.littlemall.product.vo.SkuItemSaleAttrVo">
        <result column="attr_id" property="attrId"></result>
        <result column="attr_name" property="attrName"></result>
        <collection property="attrValues" ofType="xyz.zionjo.littlemall.product.vo.AttrValueWithSkuIdVo">
            <result column="attr_value" property="attrValue"></result>
            <result column="sku_ids" property="skuIds"></result>
        </collection>
    </resultMap>
    <select id="getSaleAttrsBySpuId" resultMap="skuItemSaleAttrVo">
        SELECT
		    ssav.`attr_id` attr_id,
		    ssav.`attr_name` attr_name,
		    ssav.`attr_value` attr_value,
		    GROUP_CONCAT(DISTINCT info.`sku_id`) sku_ids
	        FROM `pms_sku_info` info
        LEFT JOIN `pms_sku_sale_attr_value` ssav ON ssav.`sku_id`=info.`sku_id`
        WHERE info.`spu_id`= #{spuId}
        GROUP BY ssav.`attr_id`,ssav.`attr_name`,ssav.`attr_value`
    </select>
    <select id="getSkuSaleAttrValues" resultType="java.lang.String">
        SELECT CONCAT(attr_name,": ",attr_value)
        FROM `pms_sku_sale_attr_value`
        WHERE sku_id = #{skuId}
    </select>


</mapper>